{
    "11": {
        "center_location": [
            -5.974803924560547,
            -27.519519805908203,
            17.214582443237305
        ],
        "normal_vector": [
            -0.2102049863196417,
            -0.9244477658277126,
            0.318135493119692
        ]
    },
    "12": {
        "center_location": [
            -13.04544734954834,
            -23.010440826416016,
            16.564682006835938
        ],
        "normal_vector": [
            -0.496424324493596,
            -0.8410226623643302,
            0.2150436500822351
        ]
    },
    "13": {
        "center_location": [
            -20.663957595825195,
            -17.205095291137695,
            17.15268325805664
        ],
        "normal_vector": [
            -0.8021517835626732,
            -0.5970853740744486,
            -0.006447650238484489
        ]
    },
    "14": {
        "center_location": [
            -24.746721267700195,
            -9.686498641967773,
            15.291882514953613
        ],
        "normal_vector": [
            -0.8901851920207862,
            -0.3760346244213299,
            -0.257231967576399
        ]
    },
    "15": {
        "center_location": [
            -28.000261306762695,
            -1.2904554605484009,
            16.44718360900879
        ],
        "normal_vector": [
            -0.9946632182699355,
            0.013406144598014823,
            -0.10230032995016199
        ]
    },
    "16": {
        "center_location": [
            -30.071306228637695,
            7.0970330238342285,
            15.912782669067383
        ],
        "normal_vector": [
            -0.9004870254887336,
            0.17102607851939627,
            -0.39984146532435866
        ]
    },
    "17": {
        "center_location": [
            -31.216323852539062,
            17.37532615661621,
            18.15978240966797
        ],
        "normal_vector": [
            -0.9803924658058991,
            0.1366149531919771,
            -0.14201044875424734
        ]
    },
    "21": {
        "center_location": [
            4.6502532958984375,
            -27.926176071166992,
            17.461483001708984
        ],
        "normal_vector": [
            0.2029398951366249,
            -0.9516900260995975,
            0.23043761234764384
        ]
    },
    "22": {
        "center_location": [
            11.696146965026855,
            -22.44892692565918,
            17.053482055664062
        ],
        "normal_vector": [
            0.5064622608877226,
            -0.8605909689796306,
            0.05365782708232743
        ]
    },
    "23": {
        "center_location": [
            19.40990447998047,
            -17.823671340942383,
            18.7327823638916
        ],
        "normal_vector": [
            0.690380889501714,
            -0.723408204656752,
            0.007402489183839828
        ]
    },
    "24": {
        "center_location": [
            18.964710235595703,
            -10.82402229309082,
            16.244182586669922
        ],
        "normal_vector": [
            0.009578964261349188,
            0.12679708332449033,
            -0.9918824240322449
        ]
    },
    "25": {
        "center_location": [
            26.450212478637695,
            -2.03518009185791,
            16.521183013916016
        ],
        "normal_vector": [
            0.9857028731000921,
            0.0144880139278592,
            -0.1678688280016575
        ]
    },
    "26": {
        "center_location": [
            29.267608642578125,
            6.10361909866333,
            16.3477840423584
        ],
        "normal_vector": [
            0.8995772001234243,
            -0.02132577135616033,
            -0.4362408423040711
        ]
    },
    "27": {
        "center_location": [
            31.176301956176758,
            16.664329528808594,
            18.66368293762207
        ],
        "normal_vector": [
            0.9710597286527323,
            0.20310433976766878,
            -0.1256647546308082
        ]
    }
}