{
    "31": {
        "center_location": [
            1.2944644689559937,
            -24.70195960998535,
            13.881183624267578
        ],
        "normal_vector": [
            0.014380843578560506,
            -0.9976741981720313,
            -0.06662871482899516
        ]
    },
    "32": {
        "center_location": [
            6.415544509887695,
            -22.36560821533203,
            13.774582862854004
        ],
        "normal_vector": [
            0.5112365216390129,
            -0.8502259284911405,
            0.1255113120950507
        ]
    },
    "33": {
        "center_location": [
            13.214941024780273,
            -18.752857208251953,
            12.871883392333984
        ],
        "normal_vector": [
            0.7617098008909479,
            -0.553618391447904,
            0.33660786663016024
        ]
    },
    "34": {
        "center_location": [
            19.146787643432617,
            -13.12761116027832,
            13.092782974243164
        ],
        "normal_vector": [
            0.7867470971188963,
            -0.3639466071292101,
            0.49856982693914237
        ]
    },
    "35": {
        "center_location": [
            23.412904739379883,
            -4.9591145515441895,
            11.40548324584961
        ],
        "normal_vector": [
            0.9710449874430747,
            0.013376901127513817,
            0.23852188762858537
        ]
    },
    "36": {
        "center_location": [
            27.144729614257812,
            4.021847724914551,
            11.964583396911621
        ],
        "normal_vector": [
            0.8363610770293664,
            -0.34946085873787125,
            0.4223473180221086
        ]
    },
    "37": {
        "center_location": [
            29.307701110839844,
            14.558656692504883,
            14.221982955932617
        ],
        "normal_vector": [
            0.6612359336777994,
            -0.5973257260003375,
            0.453838095659034
        ]
    },
    "41": {
        "center_location": [
            -3.9869155883789062,
            -24.727272033691406,
            13.056082725524902
        ],
        "normal_vector": [
            -0.20266963777681885,
            -0.979168829551126,
            0.012386329516484145
        ]
    },
    "42": {
        "center_location": [
            -10.033738136291504,
            -20.915613174438477,
            13.439183235168457
        ],
        "normal_vector": [
            -0.4878349814006961,
            -0.8593247458686831,
            0.1535513336298505
        ]
    },
    "43": {
        "center_location": [
            -16.56160545349121,
            -18.155635833740234,
            11.564482688903809
        ],
        "normal_vector": [
            -0.8791743644731845,
            -0.2261175575530889,
            0.41943210060675834
        ]
    },
    "44": {
        "center_location": [
            -20.979537963867188,
            -12.09961986541748,
            12.792082786560059
        ],
        "normal_vector": [
            -0.791067492080868,
            -0.325908557054592,
            0.5176831419038864
        ]
    },
    "45": {
        "center_location": [
            -25.32817268371582,
            -3.6357643604278564,
            10.76158332824707
        ],
        "normal_vector": [
            -0.9652762149934897,
            0.054228873992164126,
            0.25554071689925306
        ]
    },
    "46": {
        "center_location": [
            -28.660837173461914,
            4.8317670822143555,
            11.1627836227417
        ],
        "normal_vector": [
            -0.7865000782326663,
            -0.3399941375371041,
            0.5155789109151098
        ]
    },
    "47": {
        "center_location": [
            -30.216754913330078,
            16.04138946533203,
            13.45948314666748
        ],
        "normal_vector": [
            -0.7208678499083008,
            -0.2635935797271706,
            0.640989834315022
        ]
    }
}