{
    "31": {
        "center_location": [
            1.2226934432983398,
            -24.675159454345703,
            13.480183601379395
        ],
        "normal_vector": [
            0.025258537582482938,
            -0.9988852421270635,
            -0.03987830663345572
        ]
    },
    "32": {
        "center_location": [
            6.415544509887695,
            -22.36560821533203,
            13.774582862854004
        ],
        "normal_vector": [
            0.4734939092336294,
            -0.8705145945102122,
            0.1341933629632122
        ]
    },
    "33": {
        "center_location": [
            13.214941024780273,
            -18.752857208251953,
            12.871883392333984
        ],
        "normal_vector": [
            0.7467800970716985,
            -0.5644966572751617,
            0.35165751882016283
        ]
    },
    "34": {
        "center_location": [
            19.146787643432617,
            -13.12761116027832,
            13.092782974243164
        ],
        "normal_vector": [
            0.8056706598882064,
            -0.33086792488654493,
            0.4913463178620288
        ]
    },
    "35": {
        "center_location": [
            23.380306243896484,
            -4.854957103729248,
            11.539883613586426
        ],
        "normal_vector": [
            0.9694432176401997,
            0.010065329181586721,
            0.24510923466871315
        ]
    },
    "36": {
        "center_location": [
            27.102941513061523,
            4.11907434463501,
            12.127782821655273
        ],
        "normal_vector": [
            0.838744013944053,
            -0.3210744111435768,
            0.4397950677097503
        ]
    },
    "37": {
        "center_location": [
            29.307701110839844,
            14.558656692504883,
            14.221982955932617
        ],
        "normal_vector": [
            0.634456322922318,
            -0.6313687326149147,
            0.44591332989733296
        ]
    },
    "41": {
        "center_location": [
            -5.039443016052246,
            -24.40631675720215,
            13.107983589172363
        ],
        "normal_vector": [
            -0.2997995066634669,
            -0.9520745543483525,
            -0.06061599431443636
        ]
    },
    "42": {
        "center_location": [
            -10.033738136291504,
            -20.915613174438477,
            13.439183235168457
        ],
        "normal_vector": [
            -0.504825536546183,
            -0.8475054455786288,
            0.16396858652018736
        ]
    },
    "43": {
        "center_location": [
            -16.56160545349121,
            -18.155635833740234,
            11.564482688903809
        ],
        "normal_vector": [
            -0.8720697989126607,
            -0.2493807516372338,
            0.4210742292485729
        ]
    },
    "44": {
        "center_location": [
            -20.979537963867188,
            -12.09961986541748,
            12.792082786560059
        ],
        "normal_vector": [
            -0.7955164080114469,
            -0.3243603085685199,
            0.5118046842398961
        ]
    },
    "45": {
        "center_location": [
            -25.269906997680664,
            -3.562084197998047,
            10.932283401489258
        ],
        "normal_vector": [
            -0.9641753178095536,
            0.0784484167115287,
            0.2534004783781998
        ]
    },
    "46": {
        "center_location": [
            -28.660837173461914,
            4.8317670822143555,
            11.1627836227417
        ],
        "normal_vector": [
            -0.7964173340888427,
            -0.3253258577615767,
            0.5097867360323481
        ]
    },
    "47": {
        "center_location": [
            -30.265403747558594,
            16.218446731567383,
            13.477582931518555
        ],
        "normal_vector": [
            -0.7098973577393392,
            -0.32712290611286793,
            0.6237277817854329
        ]
    }
}