{
    "31": {
        "center_location": [
            1.2226934432983398,
            -24.675159454345703,
            13.480183601379395
        ],
        "normal_vector": [
            0.011703256313148476,
            -0.9998600887406093,
            0.011951432353046035
        ]
    },
    "32": {
        "center_location": [
            6.415544509887695,
            -22.36560821533203,
            13.774582862854004
        ],
        "normal_vector": [
            0.5112365418721511,
            -0.8502259156243301,
            0.12551131684184394
        ]
    },
    "33": {
        "center_location": [
            13.214941024780273,
            -18.752857208251953,
            12.871883392333984
        ],
        "normal_vector": [
            0.7617097866163194,
            -0.5536183976854839,
            0.33660788867327307
        ]
    },
    "34": {
        "center_location": [
            19.146787643432617,
            -13.12761116027832,
            13.092782974243164
        ],
        "normal_vector": [
            0.786747098800207,
            -0.3639466166702438,
            0.4985698173212454
        ]
    },
    "35": {
        "center_location": [
            23.380306243896484,
            -4.854957103729248,
            11.539883613586426
        ],
        "normal_vector": [
            0.9693566531810441,
            0.04010947658790776,
            0.2423611124365647
        ]
    },
    "36": {
        "center_location": [
            27.144729614257812,
            4.021847724914551,
            11.964583396911621
        ],
        "normal_vector": [
            0.836361078297424,
            -0.3494608519308681,
            0.4223473211433005
        ]
    },
    "37": {
        "center_location": [
            29.307701110839844,
            14.558656692504883,
            14.221982955932617
        ],
        "normal_vector": [
            0.6612359290910099,
            -0.5973257424131001,
            0.4538380807400232
        ]
    },
    "41": {
        "center_location": [
            -5.039443016052246,
            -24.40631675720215,
            13.107983589172363
        ],
        "normal_vector": [
            -0.24781747432012033,
            -0.9671835993063437,
            -0.05605697685768094
        ]
    },
    "42": {
        "center_location": [
            -10.033738136291504,
            -20.915613174438477,
            13.439183235168457
        ],
        "normal_vector": [
            -0.48783500858297035,
            -0.8593247282557096,
            0.1535513458394434
        ]
    },
    "43": {
        "center_location": [
            -16.56160545349121,
            -18.155635833740234,
            11.564482688903809
        ],
        "normal_vector": [
            -0.8791743459005904,
            -0.22611757907216645,
            0.4194321279358696
        ]
    },
    "44": {
        "center_location": [
            -20.979537963867188,
            -12.09961986541748,
            12.792082786560059
        ],
        "normal_vector": [
            -0.7910674893367752,
            -0.325908545392647,
            0.5176831534389159
        ]
    },
    "45": {
        "center_location": [
            -25.269906997680664,
            -3.562084197998047,
            10.932283401489258
        ],
        "normal_vector": [
            -0.953355277276502,
            0.07889962393815962,
            0.2913564219842442
        ]
    },
    "46": {
        "center_location": [
            -28.660837173461914,
            4.8317670822143555,
            11.1627836227417
        ],
        "normal_vector": [
            -0.7865000727540876,
            -0.3399941515122777,
            0.5155789100567062
        ]
    },
    "47": {
        "center_location": [
            -30.265403747558594,
            16.218446731567383,
            13.477582931518555
        ],
        "normal_vector": [
            -0.6799031764387332,
            -0.3760078071529378,
            0.6295631816017833
        ]
    }
}