{
    "11": {
        "center_location": [
            -5.913357257843018,
            -27.579835891723633,
            17.104782104492188
        ],
        "normal_vector": [
            -0.23220804692393973,
            -0.9486676601503807,
            0.2147302808841148
        ]
    },
    "12": {
        "center_location": [
            -13.04544734954834,
            -23.010440826416016,
            16.564682006835938
        ],
        "normal_vector": [
            -0.4442789763300693,
            -0.8736725271021725,
            0.19827381717717893
        ]
    },
    "13": {
        "center_location": [
            -20.663957595825195,
            -17.205095291137695,
            17.15268325805664
        ],
        "normal_vector": [
            -0.7801461247311071,
            -0.6250550773151683,
            0.026041781612728656
        ]
    },
    "14": {
        "center_location": [
            -24.604663848876953,
            -10.046063423156738,
            15.411482810974121
        ],
        "normal_vector": [
            -0.8373103071304153,
            -0.4530845544282008,
            -0.3059833918887893
        ]
    },
    "15": {
        "center_location": [
            -28.000261306762695,
            -1.2904554605484009,
            16.44718360900879
        ],
        "normal_vector": [
            -0.9931745172808605,
            -0.006363509850028639,
            -0.11646408874119955
        ]
    },
    "16": {
        "center_location": [
            -30.071306228637695,
            7.0970330238342285,
            15.912782669067383
        ],
        "normal_vector": [
            -0.9295320956398039,
            0.1139116416128614,
            -0.35070531943575844
        ]
    },
    "17": {
        "center_location": [
            -31.233930587768555,
            17.175283432006836,
            18.135183334350586
        ],
        "normal_vector": [
            -0.9781713072252459,
            0.15563403376359689,
            -0.1376914712526708
        ]
    },
    "21": {
        "center_location": [
            4.6502532958984375,
            -27.926176071166992,
            17.461483001708984
        ],
        "normal_vector": [
            0.17625333611184427,
            -0.955466819723175,
            0.23668104680672514
        ]
    },
    "22": {
        "center_location": [
            11.775697708129883,
            -22.426513671875,
            16.760183334350586
        ],
        "normal_vector": [
            0.5146052733927454,
            -0.854202013071185,
            0.07429894657068092
        ]
    },
    "23": {
        "center_location": [
            19.341102600097656,
            -17.884836196899414,
            18.900882720947266
        ],
        "normal_vector": [
            0.7017951086176497,
            -0.7120550347475852,
            0.021476801692907898
        ]
    },
    "24": {
        "center_location": [
            18.963577270507812,
            -10.735067367553711,
            16.251983642578125
        ],
        "normal_vector": [
            0.0627134730701117,
            0.14534123018349548,
            -0.9873919926271595
        ]
    },
    "25": {
        "center_location": [
            26.47828483581543,
            -2.0822019577026367,
            16.69548225402832
        ],
        "normal_vector": [
            0.9778461320923009,
            -0.03599309508961295,
            -0.20620727207835385
        ]
    },
    "26": {
        "center_location": [
            29.267608642578125,
            6.10361909866333,
            16.3477840423584
        ],
        "normal_vector": [
            0.8990266182769117,
            0.03532220740779009,
            -0.43646704491109206
        ]
    },
    "27": {
        "center_location": [
            31.176301956176758,
            16.664329528808594,
            18.66368293762207
        ],
        "normal_vector": [
            0.9888071201532519,
            0.13956561395258182,
            -0.05274389572520385
        ]
    }
}